,Med1,Med2,b3,pval(b3),weight,weight_modi,color,color_clicked
0,"Acetaminophen, Oral","Oxycodone, Oral",-3.4994360478813875,1.3624980978510164e-48,15.955221365119463,15.955221365119463,#0000ff,#FF0000
1,"Insulin Human Isophane (NPH), Subcutaneous","Insulin lispro, Injection",-1.8431184749442124,3.719266315874468e-22,7.143180907708992,7.143180907708992,#0000ff,#FF0000
2,"Insulin Human Isophane (NPH), Subcutaneous","Insulin aspart, Injection",-1.51570555739182,8.00313093056521e-13,4.0322466926752805,4.0322466926752805,#0000ff,#FF0000
3,"Buprenorphine, Sublingual","Ondansetron, Oral",-1.8898978226659928,1.7846094023781604e-06,1.9161522744079074,1.9161522744079074,#0000ff,#FF0000
4,"Insulin Human Isophane (NPH), Subcutaneous","Insulin aspart, Injection",-1.0154749193484185,1.7438541777096376e-05,1.5861632779631938,1.5861632779631938,#0000ff,#FF0000
