,Disease,Med1,Med2,b1,b2,b3,pval(b3),exp(b3),OR_1,OR_2,OR_12
0,NAS_Baby,"Acetaminophen, Oral","Oxycodone, Oral",1.5872885355109645,4.604910194624097,-3.4994360478813875,1.3624980978510164e-48,0.0302144181035968,4.890470597241158,99.97400424308312,14.772431131001614
1,Hypoglycemia_Baby,"Insulin Human Isophane (NPH), Subcutaneous","Insulin lispro, Injection",0.7848709589685624,1.78701524499576,-1.8431184749442124,3.719266315874468e-22,0.1583229293814697,2.192124048532996,5.971602070942054,2.072525120909816
2,Hypoglycemia_Baby,"Insulin Human Isophane (NPH), Subcutaneous","Insulin aspart, Injection",0.7628660462522733,1.6904014056270409,-1.51570555739182,8.00313093056521e-13,0.2196531522567865,2.1444134095777625,5.421656551851228,2.5537475160651133
3,NAS_Baby,"Buprenorphine, Sublingual","Ondansetron, Oral",6.409095758157274,1.6429259162335574,-1.8898978226659928,1.7846094023781604e-06,0.1510872457396787,607.3442466073781,5.17027519460127,474.4346343814129
4,RDS_Baby,"Insulin Human Isophane (NPH), Subcutaneous","Insulin aspart, Injection",0.3613939643886691,0.8119426384763536,-1.0154749193484185,1.7438541777096376e-05,0.3622303587698217,1.435328817946269,2.2522791035979903,1.1710042143206822
